name,id,attr1,value1,attr2,value2,attr3,value3
彩・鹤顶・穿石・腐心(陆),3,毒性・攻击,75,毒性・会效,278,毒性・破防,555
彩・鹤顶・腐心・穿石(陆),6,毒性・攻击,75,毒性・破防,278,毒性・会效,555
彩・鹤顶・腐心・痛击(陆),9,毒性・攻击,75,毒性・破防,278,外功・会效,555
彩・鹤顶・大化・穿石(陆),12,毒性・攻击,75,化劲,139,毒性・会效,555
彩・鹤顶・大化・腐心(陆),15,毒性・攻击,75,化劲,139,毒性・破防,555
彩・鹤顶・大化・痛击(陆),18,毒性・攻击,75,化劲,139,外功・会效,555
彩・鹤顶・痛击・腐心(陆),21,毒性・攻击,75,外功・会效,278,毒性・破防,555
彩・鹤顶・见切・腐心(陆),24,毒性・攻击,75,外功・会心,278,毒性・破防,555
彩・鹤顶・见切・痛击(陆),27,毒性・攻击,75,外功・会心,278,外功・会效,555
彩・穿石・鹤顶・腐心(陆),30,毒性・会效,139,毒性・攻击,149,毒性・破防,555
彩・穿石・腐心・鹤顶(陆),33,毒性・会效,139,毒性・破防,278,毒性・攻击,298
彩・穿石・大化・鹤顶(陆),36,毒性・会效,139,化劲,139,毒性・攻击,298
彩・穿石・大化・腐心(陆),39,毒性・会效,139,化劲,139,毒性・破防,555
彩・穿石・大化・海纳(陆),42,毒性・会效,139,化劲,139,治疗,269
彩・蚀骨・鹤顶・穿石(陆),45,毒性・会心,139,毒性・攻击,149,毒性・会效,555
彩・蚀骨・鹤顶・腐心(陆),48,毒性・会心,139,毒性・攻击,149,毒性・破防,555
彩・蚀骨・穿石・鹤顶(陆),51,毒性・会心,139,毒性・会效,278,毒性・攻击,298
彩・蚀骨・穿石・腐心(陆),54,毒性・会心,139,毒性・会效,278,毒性・破防,555
彩・蚀骨・穿石・海纳(陆),57,毒性・会心,139,毒性・会效,278,治疗,269
彩・蚀骨・腐心・鹤顶(陆),60,毒性・会心,139,毒性・破防,278,毒性・攻击,298
彩・蚀骨・腐心・穿石(陆),63,毒性・会心,139,毒性・破防,278,毒性・会效,555
彩・蚀骨・大化・鹤顶(陆),66,毒性・会心,139,化劲,139,毒性・攻击,298
彩・蚀骨・大化・穿石(陆),69,毒性・会心,139,化劲,139,毒性・会效,555
彩・蚀骨・大化・腐心(陆),72,毒性・会心,139,化劲,139,毒性・破防,555
彩・蚀骨・大化・海纳(陆),75,毒性・会心,139,化劲,139,治疗,269
彩・蚀骨・海纳・穿石(陆),78,毒性・会心,139,治疗,134,毒性・会效,555
彩・化玉・鹤顶・穿石(陆),81,毒性・命中,139,毒性・攻击,149,毒性・会效,555
彩・化玉・鹤顶・腐心(陆),84,毒性・命中,139,毒性・攻击,149,毒性・破防,555
彩・化玉・穿石・鹤顶(陆),87,毒性・命中,139,毒性・会效,278,毒性・攻击,298
彩・化玉・穿石・腐心(陆),90,毒性・命中,139,毒性・会效,278,毒性・破防,555
彩・化玉・腐心・鹤顶(陆),93,毒性・命中,139,毒性・破防,278,毒性・攻击,298
彩・化玉・腐心・穿石(陆),96,毒性・命中,139,毒性・破防,278,毒性・会效,555
彩・化玉・大化・鹤顶(陆),99,毒性・命中,139,化劲,139,毒性・攻击,298
彩・化玉・大化・穿石(陆),102,毒性・命中,139,化劲,139,毒性・会效,555
彩・化玉・大化・腐心(陆),105,毒性・命中,139,化劲,139,毒性・破防,555
彩・化玉・急速・鹤顶(陆),108,毒性・命中,139,急速,278,毒性・攻击,298
彩・腐心・鹤顶・穿石(陆),111,毒性・破防,139,毒性・攻击,149,毒性・会效,555
彩・腐心・鹤顶・痛击(陆),114,毒性・破防,139,毒性・攻击,149,外功・会效,555
彩・腐心・穿石・鹤顶(陆),117,毒性・破防,139,毒性・会效,278,毒性・攻击,298
彩・腐心・大化・鹤顶(陆),120,毒性・破防,139,化劲,139,毒性・攻击,298
彩・腐心・大化・穿石(陆),123,毒性・破防,139,化劲,139,毒性・会效,555
彩・腐心・大化・痛击(陆),126,毒性・破防,139,化劲,139,外功・会效,555
彩・腐心・痛击・鹤顶(陆),129,毒性・破防,139,外功・会效,278,毒性・攻击,298
彩・腐心・见切・鹤顶(陆),132,毒性・破防,139,外功・会心,278,毒性・攻击,298
彩・腐心・见切・痛击(陆),135,毒性・破防,139,外功・会心,278,外功・会效,555
彩・破势・耐受・守御(陆),138,防御・拆招,401,防御・内防,139,防御・外防,278
彩・破势・耐受・血魂(陆),141,防御・拆招,401,防御・内防,139,防御・血上限,2775
彩・破势・灵动・耐受(陆),144,防御・拆招,401,防御・闪避,139,防御・内防,278
彩・破势・灵动・守御(陆),147,防御・拆招,401,防御・闪避,139,防御・外防,278
彩・破势・灵动・血魂(陆),150,防御・拆招,401,防御・闪避,139,防御・血上限,2775
彩・破势・守御・耐受(陆),153,防御・拆招,401,防御・外防,139,防御・内防,278
彩・破势・守御・血魂(陆),156,防御・拆招,401,防御・外防,139,防御・血上限,2775
彩・破势・血魂・耐受(陆),159,防御・拆招,401,防御・血上限,1388,防御・内防,278
彩・破势・血魂・守御(陆),162,防御・拆招,401,防御・血上限,1388,防御・外防,278
彩・耐受・破势・守御(陆),165,防御・内防,69,防御・拆招,802,防御・外防,278
彩・耐受・破势・血魂(陆),168,防御・内防,69,防御・拆招,802,防御・血上限,2775
彩・耐受・灵动・破势(陆),171,防御・内防,69,防御・闪避,139,防御・拆招,1605
彩・耐受・灵动・守御(陆),174,防御・内防,69,防御・闪避,139,防御・外防,278
彩・耐受・灵动・血魂(陆),177,防御・内防,69,防御・闪避,139,防御・血上限,2775
彩・耐受・守御・破势(陆),180,防御・内防,69,防御・外防,139,防御・拆招,1605
彩・耐受・守御・血魂(陆),183,防御・内防,69,防御・外防,139,防御・血上限,2775
彩・耐受・血魂・破势(陆),186,防御・内防,69,防御・血上限,1388,防御・拆招,1605
彩・耐受・血魂・守御(陆),189,防御・内防,69,防御・血上限,1388,防御・外防,278
彩・耐受・大御・血魂(陆),192,防御・内防,69,御劲,139,防御・血上限,2775
彩・灵动・破势・耐受(陆),195,防御・闪避,69,防御・拆招,802,防御・内防,278
彩・灵动・破势・守御(陆),198,防御・闪避,69,防御・拆招,802,防御・外防,278
彩・灵动・破势・血魂(陆),201,防御・闪避,69,防御・拆招,802,防御・血上限,2775
彩・灵动・耐受・破势(陆),204,防御・闪避,69,防御・内防,139,防御・拆招,1605
彩・灵动・耐受・守御(陆),207,防御・闪避,69,防御・内防,139,防御・外防,278
彩・灵动・耐受・血魂(陆),210,防御・闪避,69,防御・内防,139,防御・血上限,2775
彩・灵动・守御・破势(陆),213,防御・闪避,69,防御・外防,139,防御・拆招,1605
彩・灵动・守御・耐受(陆),216,防御・闪避,69,防御・外防,139,防御・内防,278
彩・灵动・守御・血魂(陆),219,防御・闪避,69,防御・外防,139,防御・血上限,2775
彩・灵动・血魂・破势(陆),222,防御・闪避,69,防御・血上限,1388,防御・拆招,1605
彩・灵动・血魂・耐受(陆),225,防御・闪避,69,防御・血上限,1388,防御・内防,278
彩・灵动・血魂・守御(陆),228,防御・闪避,69,防御・血上限,1388,防御・外防,278
彩・灵动・大御・血魂(陆),231,防御・闪避,69,御劲,139,防御・血上限,2775
彩・守御・破势・耐受(陆),234,防御・外防,69,防御・拆招,802,防御・内防,278
彩・守御・破势・血魂(陆),237,防御・外防,69,防御・拆招,802,防御・血上限,2775
彩・守御・耐受・破势(陆),240,防御・外防,69,防御・内防,139,防御・拆招,1605
彩・守御・耐受・血魂(陆),243,防御・外防,69,防御・内防,139,防御・血上限,2775
彩・守御・灵动・破势(陆),246,防御・外防,69,防御・闪避,139,防御・拆招,1605
彩・守御・灵动・耐受(陆),249,防御・外防,69,防御・闪避,139,防御・内防,278
彩・守御・灵动・血魂(陆),252,防御・外防,69,防御・闪避,139,防御・血上限,2775
彩・守御・血魂・破势(陆),255,防御・外防,69,防御・血上限,1388,防御・拆招,1605
彩・守御・血魂・耐受(陆),258,防御・外防,69,防御・血上限,1388,防御・内防,278
彩・守御・大御・血魂(陆),261,防御・外防,69,御劲,139,防御・血上限,2775
彩・血魂・破势・耐受(陆),264,防御・血上限,694,防御・拆招,802,防御・内防,278
彩・血魂・破势・守御(陆),267,防御・血上限,694,防御・拆招,802,防御・外防,278
彩・血魂・耐受・破势(陆),270,防御・血上限,694,防御・内防,139,防御・拆招,1605
彩・血魂・耐受・守御(陆),273,防御・血上限,694,防御・内防,139,防御・外防,278
彩・血魂・灵动・破势(陆),276,防御・血上限,694,防御・闪避,139,防御・拆招,1605
彩・血魂・灵动・耐受(陆),279,防御・血上限,694,防御・闪避,139,防御・内防,278
彩・血魂・灵动・守御(陆),282,防御・血上限,694,防御・闪避,139,防御・外防,278
彩・血魂・守御・破势(陆),285,防御・血上限,694,防御・外防,139,防御・拆招,1605
彩・血魂・守御・耐受(陆),288,防御・血上限,694,防御・外防,139,防御・内防,278
彩・不屈・破势・耐受(陆),291,防御・招架,69,防御・拆招,802,防御・内防,278
彩・不屈・破势・守御(陆),294,防御・招架,69,防御・拆招,802,防御・外防,278
彩・不屈・破势・血魂(陆),297,防御・招架,69,防御・拆招,802,防御・血上限,2775
彩・不屈・耐受・破势(陆),300,防御・招架,69,防御・内防,139,防御・拆招,1605
彩・不屈・耐受・守御(陆),303,防御・招架,69,防御・内防,139,防御・外防,278
彩・不屈・耐受・血魂(陆),306,防御・招架,69,防御・内防,139,防御・血上限,2775
彩・不屈・灵动・破势(陆),309,防御・招架,69,防御・闪避,139,防御・拆招,1605
彩・不屈・灵动・耐受(陆),312,防御・招架,69,防御・闪避,139,防御・内防,278
彩・不屈・灵动・守御(陆),315,防御・招架,69,防御・闪避,139,防御・外防,278
彩・不屈・灵动・血魂(陆),318,防御・招架,69,防御・闪避,139,防御・血上限,2775
彩・不屈・守御・破势(陆),321,防御・招架,69,防御・外防,139,防御・拆招,1605
彩・不屈・守御・耐受(陆),324,防御・招架,69,防御・外防,139,防御・内防,278
彩・不屈・守御・血魂(陆),327,防御・招架,69,防御・外防,139,防御・血上限,2775
彩・不屈・血魂・破势(陆),330,防御・招架,69,防御・血上限,1388,防御・拆招,1605
彩・不屈・血魂・耐受(陆),333,防御・招架,69,防御・血上限,1388,防御・内防,278
彩・不屈・血魂・守御(陆),336,防御・招架,69,防御・血上限,1388,防御・外防,278
彩・不屈・大御・血魂(陆),339,防御・招架,69,御劲,139,防御・血上限,2775
彩・大化・鹤顶・穿石(陆),342,化劲,69,毒性・攻击,149,毒性・会效,555
彩・大化・鹤顶・腐心(陆),345,化劲,69,毒性・攻击,149,毒性・破防,555
彩・大化・鹤顶・痛击(陆),348,化劲,69,毒性・攻击,149,外功・会效,555
彩・大化・穿石・鹤顶(陆),351,化劲,69,毒性・会效,278,毒性・攻击,298
彩・大化・穿石・腐心(陆),354,化劲,69,毒性・会效,278,毒性・破防,555
彩・大化・穿石・海纳(陆),357,化劲,69,毒性・会效,278,治疗,269
彩・大化・腐心・鹤顶(陆),360,化劲,69,毒性・破防,278,毒性・攻击,298
彩・大化・腐心・穿石(陆),363,化劲,69,毒性・破防,278,毒性・会效,555
彩・大化・腐心・痛击(陆),366,化劲,69,毒性・破防,278,外功・会效,555
彩・大化・雷鸣・霹雳(陆),369,化劲,69,混元・攻击,149,混元・会效,555
彩・大化・雷鸣・混沌(陆),372,化劲,69,混元・攻击,149,混元・破防,555
彩・大化・霹雳・雷鸣(陆),375,化劲,69,混元・会效,278,混元・攻击,298
彩・大化・霹雳・混沌(陆),378,化劲,69,混元・会效,278,混元・破防,555
彩・大化・霹雳・海纳(陆),381,化劲,69,混元・会效,278,治疗,269
彩・大化・混沌・雷鸣(陆),384,化劲,69,混元・破防,278,混元・攻击,298
彩・大化・混沌・霹雳(陆),387,化劲,69,混元・破防,278,混元・会效,555
彩・大化・激流・月华(陆),390,化劲,69,内功・攻击,149,内功・会效,555
彩・大化・激流・灭气(陆),393,化劲,69,内功・攻击,149,内功・破防,555
彩・大化・月华・激流(陆),396,化劲,69,内功・会效,278,内功・攻击,298
彩・大化・月华・灭气(陆),399,化劲,69,内功・会效,278,内功・破防,555
彩・大化・月华・海纳(陆),402,化劲,69,内功・会效,278,治疗,269
彩・大化・灭气・激流(陆),405,化劲,69,内功・破防,278,内功・攻击,298
彩・大化・灭气・月华(陆),408,化劲,69,内功・破防,278,内功・会效,555
彩・大化・锐刃・痛击(陆),411,化劲,69,外功・攻击,124,外功・会效,555
彩・大化・锐刃・斩铁(陆),414,化劲,69,外功・攻击,124,外功・破防,555
彩・大化・锐刃・狂攻(陆),417,化劲,69,外功・攻击,124,外功・武器伤害,373
彩・大化・痛击・鹤顶(陆),420,化劲,69,外功・会效,278,毒性・攻击,298
彩・大化・痛击・腐心(陆),423,化劲,69,外功・会效,278,毒性・破防,555
彩・大化・痛击・锐刃(陆),426,化劲,69,外功・会效,278,外功・攻击,248
彩・大化・痛击・斩铁(陆),429,化劲,69,外功・会效,278,外功・破防,555
彩・大化・痛击・狂攻(陆),432,化劲,69,外功・会效,278,外功・武器伤害,373
彩・大化・见切・鹤顶(陆),435,化劲,69,外功・会心,278,毒性・攻击,298
彩・大化・见切・腐心(陆),438,化劲,69,外功・会心,278,毒性・破防,555
彩・大化・斩铁・锐刃(陆),441,化劲,69,外功・破防,278,外功・攻击,248
彩・大化・斩铁・痛击(陆),444,化劲,69,外功・破防,278,外功・会效,555
彩・大化・斩铁・狂攻(陆),447,化劲,69,外功・破防,278,外功・武器伤害,373
彩・大化・烈阳・浴火(陆),450,化劲,69,阳性・攻击,149,阳性・会效,555
彩・大化・烈阳・日炎(陆),453,化劲,69,阳性・攻击,149,阳性・破防,555
彩・大化・浴火・烈阳(陆),456,化劲,69,阳性・会效,278,阳性・攻击,298
彩・大化・浴火・日炎(陆),459,化劲,69,阳性・会效,278,阳性・破防,555
彩・大化・浴火・海纳(陆),462,化劲,69,阳性・会效,278,治疗,269
彩・大化・日炎・烈阳(陆),465,化劲,69,阳性・破防,278,阳性・攻击,298
彩・大化・日炎・浴火(陆),468,化劲,69,阳性・破防,278,阳性・会效,555
彩・大化・霜冷・杯雪(陆),471,化劲,69,阴性・攻击,149,阴性・会效,555
彩・大化・霜冷・冻髓(陆),474,化劲,69,阴性・攻击,149,阴性・破防,555
彩・大化・杯雪・霜冷(陆),477,化劲,69,阴性・会效,278,阴性・攻击,298
彩・大化・杯雪・冻髓(陆),480,化劲,69,阴性・会效,278,阴性・破防,555
彩・大化・杯雪・海纳(陆),483,化劲,69,阴性・会效,278,治疗,269
彩・大化・冻髓・霜冷(陆),486,化劲,69,阴性・破防,278,阴性・攻击,298
彩・大化・冻髓・杯雪(陆),489,化劲,69,阴性・破防,278,阴性・会效,555
彩・大化・琉璃・界影(陆),492,化劲,69,阴阳・攻击,149,阴阳・会效,555
彩・大化・琉璃・焚虚(陆),495,化劲,69,阴阳・攻击,149,阴阳・破防,555
彩・大化・界影・琉璃(陆),498,化劲,69,阴阳・会效,278,阴阳・攻击,298
彩・大化・界影・焚虚(陆),501,化劲,69,阴阳・会效,278,阴阳・破防,555
彩・大化・焚虚・琉璃(陆),504,化劲,69,阴阳・破防,278,阴阳・攻击,298
彩・大化・焚虚・界影(陆),507,化劲,69,阴阳・破防,278,阴阳・会效,555
彩・大化・海纳・穿石(陆),510,化劲,69,治疗,134,毒性・会效,555
彩・大化・海纳・霹雳(陆),513,化劲,69,治疗,134,混元・会效,555
彩・大化・海纳・月华(陆),516,化劲,69,治疗,134,内功・会效,555
彩・大化・海纳・浴火(陆),519,化劲,69,治疗,134,阳性・会效,555
彩・大化・海纳・杯雪(陆),522,化劲,69,治疗,134,阴性・会效,555
彩・潮生・鹤顶・穿石(陆),525,回蓝速度,27,毒性・攻击,149,毒性・会效,555
彩・潮生・鹤顶・腐心(陆),528,回蓝速度,27,毒性・攻击,149,毒性・破防,555
彩・潮生・穿石・鹤顶(陆),531,回蓝速度,27,毒性・会效,278,毒性・攻击,298
彩・潮生・穿石・腐心(陆),534,回蓝速度,27,毒性・会效,278,毒性・破防,555
彩・潮生・穿石・海纳(陆),537,回蓝速度,27,毒性・会效,278,治疗,269
彩・潮生・腐心・鹤顶(陆),540,回蓝速度,27,毒性・破防,278,毒性・攻击,298
彩・潮生・腐心・穿石(陆),543,回蓝速度,27,毒性・破防,278,毒性・会效,555
彩・潮生・大化・鹤顶(陆),546,回蓝速度,27,化劲,139,毒性・攻击,298
彩・潮生・大化・穿石(陆),549,回蓝速度,27,化劲,139,毒性・会效,555
彩・潮生・大化・腐心(陆),552,回蓝速度,27,化劲,139,毒性・破防,555
彩・潮生・大化・雷鸣(陆),555,回蓝速度,27,化劲,139,混元・攻击,298
彩・潮生・大化・霹雳(陆),558,回蓝速度,27,化劲,139,混元・会效,555
彩・潮生・大化・混沌(陆),561,回蓝速度,27,化劲,139,混元・破防,555
彩・潮生・大化・激流(陆),564,回蓝速度,27,化劲,139,内功・攻击,298
彩・潮生・大化・月华(陆),567,回蓝速度,27,化劲,139,内功・会效,555
彩・潮生・大化・灭气(陆),570,回蓝速度,27,化劲,139,内功・破防,555
彩・潮生・大化・烈阳(陆),573,回蓝速度,27,化劲,139,阳性・攻击,298
彩・潮生・大化・浴火(陆),576,回蓝速度,27,化劲,139,阳性・会效,555
彩・潮生・大化・日炎(陆),579,回蓝速度,27,化劲,139,阳性・破防,555
彩・潮生・大化・霜冷(陆),582,回蓝速度,27,化劲,139,阴性・攻击,298
彩・潮生・大化・杯雪(陆),585,回蓝速度,27,化劲,139,阴性・会效,555
彩・潮生・大化・冻髓(陆),588,回蓝速度,27,化劲,139,阴性・破防,555
彩・潮生・大化・海纳(陆),591,回蓝速度,27,化劲,139,治疗,269
彩・潮生・雷鸣・霹雳(陆),594,回蓝速度,27,混元・攻击,149,混元・会效,555
彩・潮生・雷鸣・混沌(陆),597,回蓝速度,27,混元・攻击,149,混元・破防,555
彩・潮生・霹雳・雷鸣(陆),600,回蓝速度,27,混元・会效,278,混元・攻击,298
彩・潮生・霹雳・混沌(陆),603,回蓝速度,27,混元・会效,278,混元・破防,555
彩・潮生・霹雳・海纳(陆),606,回蓝速度,27,混元・会效,278,治疗,269
彩・潮生・混沌・雷鸣(陆),609,回蓝速度,27,混元・破防,278,混元・攻击,298
彩・潮生・混沌・霹雳(陆),612,回蓝速度,27,混元・破防,278,混元・会效,555
彩・潮生・激流・月华(陆),615,回蓝速度,27,内功・攻击,149,内功・会效,555
彩・潮生・激流・灭气(陆),618,回蓝速度,27,内功・攻击,149,内功・破防,555
彩・潮生・月华・激流(陆),621,回蓝速度,27,内功・会效,278,内功・攻击,298
彩・潮生・月华・灭气(陆),624,回蓝速度,27,内功・会效,278,内功・破防,555
彩・潮生・月华・海纳(陆),627,回蓝速度,27,内功・会效,278,治疗,269
彩・潮生・灭气・激流(陆),630,回蓝速度,27,内功・破防,278,内功・攻击,298
彩・潮生・灭气・月华(陆),633,回蓝速度,27,内功・破防,278,内功・会效,555
彩・潮生・烈阳・浴火(陆),636,回蓝速度,27,阳性・攻击,149,阳性・会效,555
彩・潮生・烈阳・日炎(陆),639,回蓝速度,27,阳性・攻击,149,阳性・破防,555
彩・潮生・浴火・烈阳(陆),642,回蓝速度,27,阳性・会效,278,阳性・攻击,298
彩・潮生・浴火・日炎(陆),645,回蓝速度,27,阳性・会效,278,阳性・破防,555
彩・潮生・浴火・海纳(陆),648,回蓝速度,27,阳性・会效,278,治疗,269
彩・潮生・日炎・烈阳(陆),651,回蓝速度,27,阳性・破防,278,阳性・攻击,298
彩・潮生・日炎・浴火(陆),654,回蓝速度,27,阳性・破防,278,阳性・会效,555
彩・潮生・霜冷・杯雪(陆),657,回蓝速度,27,阴性・攻击,149,阴性・会效,555
彩・潮生・霜冷・冻髓(陆),660,回蓝速度,27,阴性・攻击,149,阴性・破防,555
彩・潮生・杯雪・霜冷(陆),663,回蓝速度,27,阴性・会效,278,阴性・攻击,298
彩・潮生・杯雪・冻髓(陆),666,回蓝速度,27,阴性・会效,278,阴性・破防,555
彩・潮生・杯雪・海纳(陆),669,回蓝速度,27,阴性・会效,278,治疗,269
彩・潮生・冻髓・霜冷(陆),672,回蓝速度,27,阴性・破防,278,阴性・攻击,298
彩・潮生・冻髓・杯雪(陆),675,回蓝速度,27,阴性・破防,278,阴性・会效,555
彩・潮生・海纳・穿石(陆),678,回蓝速度,27,治疗,134,毒性・会效,555
彩・潮生・海纳・霹雳(陆),681,回蓝速度,27,治疗,134,混元・会效,555
彩・潮生・海纳・月华(陆),684,回蓝速度,27,治疗,134,内功・会效,555
彩・潮生・海纳・浴火(陆),687,回蓝速度,27,治疗,134,阳性・会效,555
彩・潮生・海纳・杯雪(陆),690,回蓝速度,27,治疗,134,阴性・会效,555
彩・回春・破势・耐受(陆),693,回血速度,48,防御・拆招,802,防御・内防,278
彩・回春・破势・守御(陆),696,回血速度,48,防御・拆招,802,防御・外防,278
彩・回春・破势・血魂(陆),699,回血速度,48,防御・拆招,802,防御・血上限,2775
彩・回春・耐受・破势(陆),702,回血速度,48,防御・内防,139,防御・拆招,1605
彩・回春・耐受・守御(陆),705,回血速度,48,防御・内防,139,防御・外防,278
彩・回春・耐受・血魂(陆),708,回血速度,48,防御・内防,139,防御・血上限,2775
彩・回春・灵动・破势(陆),711,回血速度,48,防御・闪避,139,防御・拆招,1605
彩・回春・灵动・耐受(陆),714,回血速度,48,防御・闪避,139,防御・内防,278
彩・回春・灵动・守御(陆),717,回血速度,48,防御・闪避,139,防御・外防,278
彩・回春・灵动・血魂(陆),720,回血速度,48,防御・闪避,139,防御・血上限,2775
彩・回春・守御・破势(陆),723,回血速度,48,防御・外防,139,防御・拆招,1605
彩・回春・守御・耐受(陆),726,回血速度,48,防御・外防,139,防御・内防,278
彩・回春・守御・血魂(陆),729,回血速度,48,防御・外防,139,防御・血上限,2775
彩・回春・血魂・破势(陆),732,回血速度,48,防御・血上限,1388,防御・拆招,1605
彩・回春・血魂・耐受(陆),735,回血速度,48,防御・血上限,1388,防御・内防,278
彩・回春・血魂・守御(陆),738,回血速度,48,防御・血上限,1388,防御・外防,278
彩・雷鸣・大化・霹雳(陆),741,混元・攻击,75,化劲,139,混元・会效,555
彩・雷鸣・大化・混沌(陆),744,混元・攻击,75,化劲,139,混元・破防,555
彩・雷鸣・霹雳・混沌(陆),747,混元・攻击,75,混元・会效,278,混元・破防,555
彩・雷鸣・混沌・霹雳(陆),750,混元・攻击,75,混元・破防,278,混元・会效,555
彩・霹雳・大化・雷鸣(陆),753,混元・会效,139,化劲,139,混元・攻击,298
彩・霹雳・大化・混沌(陆),756,混元・会效,139,化劲,139,混元・破防,555
彩・霹雳・大化・海纳(陆),759,混元・会效,139,化劲,139,治疗,269
彩・霹雳・雷鸣・混沌(陆),762,混元・会效,139,混元・攻击,149,混元・破防,555
彩・霹雳・混沌・雷鸣(陆),765,混元・会效,139,混元・破防,278,混元・攻击,298
彩・融天・大化・雷鸣(陆),768,混元・会心,139,化劲,139,混元・攻击,298
彩・融天・大化・霹雳(陆),771,混元・会心,139,化劲,139,混元・会效,555
彩・融天・大化・混沌(陆),774,混元・会心,139,化劲,139,混元・破防,555
彩・融天・大化・海纳(陆),777,混元・会心,139,化劲,139,治疗,269
彩・融天・雷鸣・霹雳(陆),780,混元・会心,139,混元・攻击,149,混元・会效,555
彩・融天・雷鸣・混沌(陆),783,混元・会心,139,混元・攻击,149,混元・破防,555
彩・融天・霹雳・雷鸣(陆),786,混元・会心,139,混元・会效,278,混元・攻击,298
彩・融天・霹雳・混沌(陆),789,混元・会心,139,混元・会效,278,混元・破防,555
彩・融天・霹雳・海纳(陆),792,混元・会心,139,混元・会效,278,治疗,269
彩・融天・混沌・雷鸣(陆),795,混元・会心,139,混元・破防,278,混元・攻击,298
彩・融天・混沌・霹雳(陆),798,混元・会心,139,混元・破防,278,混元・会效,555
彩・融天・海纳・霹雳(陆),801,混元・会心,139,治疗,134,混元・会效,555
彩・裂激・大化・雷鸣(陆),804,混元・命中,139,化劲,139,混元・攻击,298
彩・裂激・大化・霹雳(陆),807,混元・命中,139,化劲,139,混元・会效,555
彩・裂激・大化・混沌(陆),810,混元・命中,139,化劲,139,混元・破防,555
彩・裂激・雷鸣・霹雳(陆),813,混元・命中,139,混元・攻击,149,混元・会效,555
彩・裂激・雷鸣・混沌(陆),816,混元・命中,139,混元・攻击,149,混元・破防,555
彩・裂激・霹雳・雷鸣(陆),819,混元・命中,139,混元・会效,278,混元・攻击,298
彩・裂激・霹雳・混沌(陆),822,混元・命中,139,混元・会效,278,混元・破防,555
彩・裂激・混沌・雷鸣(陆),825,混元・命中,139,混元・破防,278,混元・攻击,298
彩・裂激・混沌・霹雳(陆),828,混元・命中,139,混元・破防,278,混元・会效,555
彩・裂激・急速・雷鸣(陆),831,混元・命中,139,急速,278,混元・攻击,298
彩・混沌・大化・雷鸣(陆),834,混元・破防,139,化劲,139,混元・攻击,298
彩・混沌・大化・霹雳(陆),837,混元・破防,139,化劲,139,混元・会效,555
彩・混沌・雷鸣・霹雳(陆),840,混元・破防,139,混元・攻击,149,混元・会效,555
彩・混沌・霹雳・雷鸣(陆),843,混元・破防,139,混元・会效,278,混元・攻击,298
彩・灵根・鹤顶・穿石(陆),846,基础・根骨,31,毒性・攻击,149,毒性・会效,555
彩・灵根・鹤顶・腐心(陆),849,基础・根骨,31,毒性・攻击,149,毒性・破防,555
彩・灵根・穿石・鹤顶(陆),852,基础・根骨,31,毒性・会效,278,毒性・攻击,298
彩・灵根・穿石・腐心(陆),855,基础・根骨,31,毒性・会效,278,毒性・破防,555
彩・灵根・穿石・海纳(陆),858,基础・根骨,31,毒性・会效,278,治疗,269
彩・灵根・腐心・鹤顶(陆),861,基础・根骨,31,毒性・破防,278,毒性・攻击,298
彩・灵根・腐心・穿石(陆),864,基础・根骨,31,毒性・破防,278,毒性・会效,555
彩・灵根・破势・耐受(陆),867,基础・根骨,31,防御・拆招,802,防御・内防,278
彩・灵根・破势・守御(陆),870,基础・根骨,31,防御・拆招,802,防御・外防,278
彩・灵根・破势・血魂(陆),873,基础・根骨,31,防御・拆招,802,防御・血上限,2775
彩・灵根・耐受・破势(陆),876,基础・根骨,31,防御・内防,139,防御・拆招,1605
彩・灵根・耐受・守御(陆),879,基础・根骨,31,防御・内防,139,防御・外防,278
彩・灵根・耐受・血魂(陆),882,基础・根骨,31,防御・内防,139,防御・血上限,2775
彩・灵根・灵动・破势(陆),885,基础・根骨,31,防御・闪避,139,防御・拆招,1605
彩・灵根・灵动・耐受(陆),888,基础・根骨,31,防御・闪避,139,防御・内防,278
彩・灵根・灵动・守御(陆),891,基础・根骨,31,防御・闪避,139,防御・外防,278
彩・灵根・灵动・血魂(陆),894,基础・根骨,31,防御・闪避,139,防御・血上限,2775
彩・灵根・守御・破势(陆),897,基础・根骨,31,防御・外防,139,防御・拆招,1605
彩・灵根・守御・耐受(陆),900,基础・根骨,31,防御・外防,139,防御・内防,278
彩・灵根・守御・血魂(陆),903,基础・根骨,31,防御・外防,139,防御・血上限,2775
彩・灵根・血魂・破势(陆),906,基础・根骨,31,防御・血上限,1388,防御・拆招,1605
彩・灵根・血魂・耐受(陆),909,基础・根骨,31,防御・血上限,1388,防御・内防,278
彩・灵根・血魂・守御(陆),912,基础・根骨,31,防御・血上限,1388,防御・外防,278
彩・灵根・大化・鹤顶(陆),915,基础・根骨,31,化劲,139,毒性・攻击,298
彩・灵根・大化・穿石(陆),918,基础・根骨,31,化劲,139,毒性・会效,555
彩・灵根・大化・腐心(陆),921,基础・根骨,31,化劲,139,毒性・破防,555
彩・灵根・大化・雷鸣(陆),924,基础・根骨,31,化劲,139,混元・攻击,298
彩・灵根・大化・霹雳(陆),927,基础・根骨,31,化劲,139,混元・会效,555
彩・灵根・大化・混沌(陆),930,基础・根骨,31,化劲,139,混元・破防,555
彩・灵根・大化・激流(陆),933,基础・根骨,31,化劲,139,内功・攻击,298
彩・灵根・大化・月华(陆),936,基础・根骨,31,化劲,139,内功・会效,555
彩・灵根・大化・灭气(陆),939,基础・根骨,31,化劲,139,内功・破防,555
彩・灵根・大化・锐刃(陆),942,基础・根骨,31,化劲,139,外功・攻击,248
彩・灵根・大化・痛击(陆),945,基础・根骨,31,化劲,139,外功・会效,555
彩・灵根・大化・斩铁(陆),948,基础・根骨,31,化劲,139,外功・破防,555
彩・灵根・大化・狂攻(陆),951,基础・根骨,31,化劲,139,外功・武器伤害,373
彩・灵根・大化・烈阳(陆),954,基础・根骨,31,化劲,139,阳性・攻击,298
彩・灵根・大化・浴火(陆),957,基础・根骨,31,化劲,139,阳性・会效,555
彩・灵根・大化・日炎(陆),960,基础・根骨,31,化劲,139,阳性・破防,555
彩・灵根・大化・霜冷(陆),963,基础・根骨,31,化劲,139,阴性・攻击,298
彩・灵根・大化・杯雪(陆),966,基础・根骨,31,化劲,139,阴性・会效,555
彩・灵根・大化・冻髓(陆),969,基础・根骨,31,化劲,139,阴性・破防,555
彩・灵根・大化・海纳(陆),972,基础・根骨,31,化劲,139,治疗,269
彩・灵根・雷鸣・霹雳(陆),975,基础・根骨,31,混元・攻击,149,混元・会效,555
彩・灵根・雷鸣・混沌(陆),978,基础・根骨,31,混元・攻击,149,混元・破防,555
彩・灵根・霹雳・雷鸣(陆),981,基础・根骨,31,混元・会效,278,混元・攻击,298
彩・灵根・霹雳・混沌(陆),984,基础・根骨,31,混元・会效,278,混元・破防,555
彩・灵根・霹雳・海纳(陆),987,基础・根骨,31,混元・会效,278,治疗,269
彩・灵根・混沌・雷鸣(陆),990,基础・根骨,31,混元・破防,278,混元・攻击,298
彩・灵根・混沌・霹雳(陆),993,基础・根骨,31,混元・破防,278,混元・会效,555
彩・灵根・急速・鹤顶(陆),996,基础・根骨,31,急速,278,毒性・攻击,298
彩・灵根・急速・雷鸣(陆),999,基础・根骨,31,急速,278,混元・攻击,298
彩・灵根・急速・烈阳(陆),1002,基础・根骨,31,急速,278,阳性・攻击,298
彩・灵根・急速・霜冷(陆),1005,基础・根骨,31,急速,278,阴性・攻击,298
彩・灵根・急速・海纳(陆),1008,基础・根骨,31,急速,278,治疗,269
彩・灵根・激流・月华(陆),1011,基础・根骨,31,内功・攻击,149,内功・会效,555
彩・灵根・激流・灭气(陆),1014,基础・根骨,31,内功・攻击,149,内功・破防,555
彩・灵根・月华・激流(陆),1017,基础・根骨,31,内功・会效,278,内功・攻击,298
彩・灵根・月华・灭气(陆),1020,基础・根骨,31,内功・会效,278,内功・破防,555
彩・灵根・月华・海纳(陆),1023,基础・根骨,31,内功・会效,278,治疗,269
彩・灵根・灭气・激流(陆),1026,基础・根骨,31,内功・破防,278,内功・攻击,298
彩・灵根・灭气・月华(陆),1029,基础・根骨,31,内功・破防,278,内功・会效,555
彩・灵根・锐刃・痛击(陆),1032,基础・根骨,31,外功・攻击,124,外功・会效,555
彩・灵根・锐刃・斩铁(陆),1035,基础・根骨,31,外功・攻击,124,外功・破防,555
彩・灵根・锐刃・狂攻(陆),1038,基础・根骨,31,外功・攻击,124,外功・武器伤害,373
彩・灵根・痛击・锐刃(陆),1041,基础・根骨,31,外功・会效,278,外功・攻击,248
彩・灵根・痛击・斩铁(陆),1044,基础・根骨,31,外功・会效,278,外功・破防,555
彩・灵根・痛击・狂攻(陆),1047,基础・根骨,31,外功・会效,278,外功・武器伤害,373
彩・灵根・斩铁・锐刃(陆),1050,基础・根骨,31,外功・破防,278,外功・攻击,248
彩・灵根・斩铁・痛击(陆),1053,基础・根骨,31,外功・破防,278,外功・会效,555
彩・灵根・斩铁・狂攻(陆),1056,基础・根骨,31,外功・破防,278,外功・武器伤害,373
彩・灵根・烈阳・浴火(陆),1059,基础・根骨,31,阳性・攻击,149,阳性・会效,555
彩・灵根・烈阳・日炎(陆),1062,基础・根骨,31,阳性・攻击,149,阳性・破防,555
彩・灵根・浴火・烈阳(陆),1065,基础・根骨,31,阳性・会效,278,阳性・攻击,298
彩・灵根・浴火・日炎(陆),1068,基础・根骨,31,阳性・会效,278,阳性・破防,555
彩・灵根・浴火・海纳(陆),1071,基础・根骨,31,阳性・会效,278,治疗,269
彩・灵根・日炎・烈阳(陆),1074,基础・根骨,31,阳性・破防,278,阳性・攻击,298
彩・灵根・日炎・浴火(陆),1077,基础・根骨,31,阳性・破防,278,阳性・会效,555
彩・灵根・霜冷・杯雪(陆),1080,基础・根骨,31,阴性・攻击,149,阴性・会效,555
彩・灵根・霜冷・冻髓(陆),1083,基础・根骨,31,阴性・攻击,149,阴性・破防,555
彩・灵根・杯雪・霜冷(陆),1086,基础・根骨,31,阴性・会效,278,阴性・攻击,298
彩・灵根・杯雪・冻髓(陆),1089,基础・根骨,31,阴性・会效,278,阴性・破防,555
彩・灵根・杯雪・海纳(陆),1092,基础・根骨,31,阴性・会效,278,治疗,269
彩・灵根・冻髓・霜冷(陆),1095,基础・根骨,31,阴性・破防,278,阴性・攻击,298
彩・灵根・冻髓・杯雪(陆),1098,基础・根骨,31,阴性・破防,278,阴性・会效,555
彩・灵根・海纳・穿石(陆),1101,基础・根骨,31,治疗,134,毒性・会效,555
彩・灵根・海纳・霹雳(陆),1104,基础・根骨,31,治疗,134,混元・会效,555
彩・灵根・海纳・月华(陆),1107,基础・根骨,31,治疗,134,内功・会效,555
彩・灵根・海纳・浴火(陆),1110,基础・根骨,31,治疗,134,阳性・会效,555
彩・灵根・海纳・杯雪(陆),1113,基础・根骨,31,治疗,134,阴性・会效,555
彩・真刚・大化・锐刃(陆),1116,基础・力道,31,化劲,139,外功・攻击,248
彩・真刚・大化・痛击(陆),1119,基础・力道,31,化劲,139,外功・会效,555
彩・真刚・大化・斩铁(陆),1122,基础・力道,31,化劲,139,外功・破防,555
彩・真刚・大化・狂攻(陆),1125,基础・力道,31,化劲,139,外功・武器伤害,373
彩・真刚・大化・烈阳(陆),1128,基础・力道,31,化劲,139,阳性・攻击,298
彩・真刚・大化・浴火(陆),1131,基础・力道,31,化劲,139,阳性・会效,555
彩・真刚・大化・日炎(陆),1134,基础・力道,31,化劲,139,阳性・破防,555
彩・真刚・急速・锐刃(陆),1137,基础・力道,31,急速,278,外功・攻击,248
彩・真刚・锐刃・痛击(陆),1140,基础・力道,31,外功・攻击,124,外功・会效,555
彩・真刚・锐刃・斩铁(陆),1143,基础・力道,31,外功・攻击,124,外功・破防,555
彩・真刚・锐刃・狂攻(陆),1146,基础・力道,31,外功・攻击,124,外功・武器伤害,373
彩・真刚・痛击・锐刃(陆),1149,基础・力道,31,外功・会效,278,外功・攻击,248
彩・真刚・痛击・斩铁(陆),1152,基础・力道,31,外功・会效,278,外功・破防,555
彩・真刚・痛击・狂攻(陆),1155,基础・力道,31,外功・会效,278,外功・武器伤害,373
彩・真刚・斩铁・锐刃(陆),1158,基础・力道,31,外功・破防,278,外功・攻击,248
彩・真刚・斩铁・痛击(陆),1161,基础・力道,31,外功・破防,278,外功・会效,555
彩・真刚・斩铁・狂攻(陆),1164,基础・力道,31,外功・破防,278,外功・武器伤害,373
彩・真刚・烈阳・浴火(陆),1167,基础・力道,31,阳性・攻击,149,阳性・会效,555
彩・真刚・烈阳・日炎(陆),1170,基础・力道,31,阳性・攻击,149,阳性・破防,555
彩・真刚・浴火・烈阳(陆),1173,基础・力道,31,阳性・会效,278,阳性・攻击,298
彩・真刚・浴火・日炎(陆),1176,基础・力道,31,阳性・会效,278,阳性・破防,555
彩・真刚・日炎・烈阳(陆),1179,基础・力道,31,阳性・破防,278,阳性・攻击,298
彩・真刚・日炎・浴火(陆),1182,基础・力道,31,阳性・破防,278,阳性・会效,555
彩・瞬影・鹤顶・腐心(陆),1185,基础・身法,31,毒性・攻击,149,毒性・破防,555
彩・瞬影・鹤顶・痛击(陆),1188,基础・身法,31,毒性・攻击,149,外功・会效,555
彩・瞬影・腐心・鹤顶(陆),1191,基础・身法,31,毒性・破防,278,毒性・攻击,298
彩・瞬影・腐心・痛击(陆),1194,基础・身法,31,毒性・破防,278,外功・会效,555
彩・瞬影・大化・鹤顶(陆),1197,基础・身法,31,化劲,139,毒性・攻击,298
彩・瞬影・大化・腐心(陆),1200,基础・身法,31,化劲,139,毒性・破防,555
彩・瞬影・大化・锐刃(陆),1203,基础・身法,31,化劲,139,外功・攻击,248
彩・瞬影・大化・痛击(陆),1206,基础・身法,31,化劲,139,外功・会效,555
彩・瞬影・大化・斩铁(陆),1209,基础・身法,31,化劲,139,外功・破防,555
彩・瞬影・大化・狂攻(陆),1212,基础・身法,31,化劲,139,外功・武器伤害,373
彩・瞬影・大化・琉璃(陆),1215,基础・身法,31,化劲,139,阴阳・攻击,298
彩・瞬影・大化・界影(陆),1218,基础・身法,31,化劲,139,阴阳・会效,555
彩・瞬影・大化・焚虚(陆),1221,基础・身法,31,化劲,139,阴阳・破防,555
彩・瞬影・急速・锐刃(陆),1224,基础・身法,31,急速,278,外功・攻击,248
彩・瞬影・锐刃・痛击(陆),1227,基础・身法,31,外功・攻击,124,外功・会效,555
彩・瞬影・锐刃・斩铁(陆),1230,基础・身法,31,外功・攻击,124,外功・破防,555
彩・瞬影・锐刃・狂攻(陆),1233,基础・身法,31,外功・攻击,124,外功・武器伤害,373
彩・瞬影・痛击・鹤顶(陆),1236,基础・身法,31,外功・会效,278,毒性・攻击,298
彩・瞬影・痛击・腐心(陆),1239,基础・身法,31,外功・会效,278,毒性・破防,555
彩・瞬影・痛击・锐刃(陆),1242,基础・身法,31,外功・会效,278,外功・攻击,248
彩・瞬影・痛击・斩铁(陆),1245,基础・身法,31,外功・会效,278,外功・破防,555
彩・瞬影・痛击・狂攻(陆),1248,基础・身法,31,外功・会效,278,外功・武器伤害,373
彩・瞬影・见切・鹤顶(陆),1251,基础・身法,31,外功・会心,278,毒性・攻击,298
彩・瞬影・见切・腐心(陆),1254,基础・身法,31,外功・会心,278,毒性・破防,555
彩・瞬影・斩铁・锐刃(陆),1257,基础・身法,31,外功・破防,278,外功・攻击,248
彩・瞬影・斩铁・痛击(陆),1260,基础・身法,31,外功・破防,278,外功・会效,555
彩・瞬影・斩铁・狂攻(陆),1263,基础・身法,31,外功・破防,278,外功・武器伤害,373
彩・瞬影・琉璃・界影(陆),1266,基础・身法,31,阴阳・攻击,149,阴阳・会效,555
彩・瞬影・琉璃・焚虚(陆),1269,基础・身法,31,阴阳・攻击,149,阴阳・破防,555
彩・瞬影・界影・琉璃(陆),1272,基础・身法,31,阴阳・会效,278,阴阳・攻击,298
彩・瞬影・界影・焚虚(陆),1275,基础・身法,31,阴阳・会效,278,阴阳・破防,555
彩・瞬影・焚虚・琉璃(陆),1278,基础・身法,31,阴阳・破防,278,阴阳・攻击,298
彩・瞬影・焚虚・界影(陆),1281,基础・身法,31,阴阳・破防,278,阴阳・会效,555
彩・霸体・破势・耐受(陆),1284,基础・体质,69,防御・拆招,802,防御・内防,278
彩・霸体・破势・守御(陆),1287,基础・体质,69,防御・拆招,802,防御・外防,278
彩・霸体・破势・血魂(陆),1290,基础・体质,69,防御・拆招,802,防御・血上限,2775
彩・霸体・耐受・破势(陆),1293,基础・体质,69,防御・内防,139,防御・拆招,1605
彩・霸体・耐受・守御(陆),1296,基础・体质,69,防御・内防,139,防御・外防,278
彩・霸体・耐受・血魂(陆),1299,基础・体质,69,防御・内防,139,防御・血上限,2775
彩・霸体・灵动・破势(陆),1302,基础・体质,69,防御・闪避,139,防御・拆招,1605
彩・霸体・灵动・耐受(陆),1305,基础・体质,69,防御・闪避,139,防御・内防,278
彩・霸体・灵动・守御(陆),1308,基础・体质,69,防御・闪避,139,防御・外防,278
彩・霸体・灵动・血魂(陆),1311,基础・体质,69,防御・闪避,139,防御・血上限,2775
彩・霸体・守御・破势(陆),1314,基础・体质,69,防御・外防,139,防御・拆招,1605
彩・霸体・守御・耐受(陆),1317,基础・体质,69,防御・外防,139,防御・内防,278
彩・霸体・守御・血魂(陆),1320,基础・体质,69,防御・外防,139,防御・血上限,2775
彩・霸体・血魂・破势(陆),1323,基础・体质,69,防御・血上限,1388,防御・拆招,1605
彩・霸体・血魂・耐受(陆),1326,基础・体质,69,防御・血上限,1388,防御・内防,278
彩・霸体・血魂・守御(陆),1329,基础・体质,69,防御・血上限,1388,防御・外防,278
彩・霸体・大化・锐刃(陆),1332,基础・体质,69,化劲,139,外功・攻击,248
彩・霸体・大化・痛击(陆),1335,基础・体质,69,化劲,139,外功・会效,555
彩・霸体・大化・斩铁(陆),1338,基础・体质,69,化劲,139,外功・破防,555
彩・霸体・大化・狂攻(陆),1341,基础・体质,69,化劲,139,外功・武器伤害,373
彩・霸体・锐刃・痛击(陆),1344,基础・体质,69,外功・攻击,124,外功・会效,555
彩・霸体・锐刃・斩铁(陆),1347,基础・体质,69,外功・攻击,124,外功・破防,555
彩・霸体・锐刃・狂攻(陆),1350,基础・体质,69,外功・攻击,124,外功・武器伤害,373
彩・霸体・痛击・锐刃(陆),1353,基础・体质,69,外功・会效,278,外功・攻击,248
彩・霸体・痛击・斩铁(陆),1356,基础・体质,69,外功・会效,278,外功・破防,555
彩・霸体・痛击・狂攻(陆),1359,基础・体质,69,外功・会效,278,外功・武器伤害,373
彩・霸体・斩铁・锐刃(陆),1362,基础・体质,69,外功・破防,278,外功・攻击,248
彩・霸体・斩铁・痛击(陆),1365,基础・体质,69,外功・破防,278,外功・会效,555
彩・霸体・斩铁・狂攻(陆),1368,基础・体质,69,外功・破防,278,外功・武器伤害,373
彩・霸体・大御・耐受(陆),1371,基础・体质,69,御劲,139,防御・内防,278
彩・霸体・大御・守御(陆),1374,基础・体质,69,御劲,139,防御・外防,278
彩・真元・鹤顶・穿石(陆),1377,基础・元气,31,毒性・攻击,149,毒性・会效,555
彩・真元・鹤顶・腐心(陆),1380,基础・元气,31,毒性・攻击,149,毒性・破防,555
彩・真元・鹤顶・痛击(陆),1383,基础・元气,31,毒性・攻击,149,外功・会效,555
彩・真元・穿石・鹤顶(陆),1386,基础・元气,31,毒性・会效,278,毒性・攻击,298
彩・真元・穿石・腐心(陆),1389,基础・元气,31,毒性・会效,278,毒性・破防,555
彩・真元・腐心・鹤顶(陆),1392,基础・元气,31,毒性・破防,278,毒性・攻击,298
彩・真元・腐心・穿石(陆),1395,基础・元气,31,毒性・破防,278,毒性・会效,555
彩・真元・腐心・痛击(陆),1398,基础・元气,31,毒性・破防,278,外功・会效,555
彩・真元・大化・鹤顶(陆),1401,基础・元气,31,化劲,139,毒性・攻击,298
彩・真元・大化・穿石(陆),1404,基础・元气,31,化劲,139,毒性・会效,555
彩・真元・大化・腐心(陆),1407,基础・元气,31,化劲,139,毒性・破防,555
彩・真元・大化・雷鸣(陆),1410,基础・元气,31,化劲,139,混元・攻击,298
彩・真元・大化・霹雳(陆),1413,基础・元气,31,化劲,139,混元・会效,555
彩・真元・大化・混沌(陆),1416,基础・元气,31,化劲,139,混元・破防,555
彩・真元・大化・激流(陆),1419,基础・元气,31,化劲,139,内功・攻击,298
彩・真元・大化・月华(陆),1422,基础・元气,31,化劲,139,内功・会效,555
彩・真元・大化・灭气(陆),1425,基础・元气,31,化劲,139,内功・破防,555
彩・真元・大化・痛击(陆),1428,基础・元气,31,化劲,139,外功・会效,555
彩・真元・大化・见切(陆),1431,基础・元气,31,化劲,139,外功・会心,555
彩・真元・大化・烈阳(陆),1434,基础・元气,31,化劲,139,阳性・攻击,298
彩・真元・大化・浴火(陆),1437,基础・元气,31,化劲,139,阳性・会效,555
彩・真元・大化・日炎(陆),1440,基础・元气,31,化劲,139,阳性・破防,555
彩・真元・大化・霜冷(陆),1443,基础・元气,31,化劲,139,阴性・攻击,298
彩・真元・大化・杯雪(陆),1446,基础・元气,31,化劲,139,阴性・会效,555
彩・真元・大化・冻髓(陆),1449,基础・元气,31,化劲,139,阴性・破防,555
彩・真元・大化・琉璃(陆),1452,基础・元气,31,化劲,139,阴阳・攻击,298
彩・真元・大化・界影(陆),1455,基础・元气,31,化劲,139,阴阳・会效,555
彩・真元・大化・焚虚(陆),1458,基础・元气,31,化劲,139,阴阳・破防,555
彩・真元・雷鸣・霹雳(陆),1461,基础・元气,31,混元・攻击,149,混元・会效,555
彩・真元・雷鸣・混沌(陆),1464,基础・元气,31,混元・攻击,149,混元・破防,555
彩・真元・霹雳・雷鸣(陆),1467,基础・元气,31,混元・会效,278,混元・攻击,298
彩・真元・霹雳・混沌(陆),1470,基础・元气,31,混元・会效,278,混元・破防,555
彩・真元・混沌・雷鸣(陆),1473,基础・元气,31,混元・破防,278,混元・攻击,298
彩・真元・混沌・霹雳(陆),1476,基础・元气,31,混元・破防,278,混元・会效,555
彩・真元・急速・鹤顶(陆),1479,基础・元气,31,急速,278,毒性・攻击,298
彩・真元・急速・雷鸣(陆),1482,基础・元气,31,急速,278,混元・攻击,298
彩・真元・急速・烈阳(陆),1485,基础・元气,31,急速,278,阳性・攻击,298
彩・真元・急速・琉璃(陆),1488,基础・元气,31,急速,278,阴阳・攻击,298
彩・真元・激流・月华(陆),1491,基础・元气,31,内功・攻击,149,内功・会效,555
彩・真元・激流・灭气(陆),1494,基础・元气,31,内功・攻击,149,内功・破防,555
彩・真元・月华・激流(陆),1497,基础・元气,31,内功・会效,278,内功・攻击,298
彩・真元・月华・灭气(陆),1500,基础・元气,31,内功・会效,278,内功・破防,555
彩・真元・灭气・激流(陆),1503,基础・元气,31,内功・破防,278,内功・攻击,298
彩・真元・灭气・月华(陆),1506,基础・元气,31,内功・破防,278,内功・会效,555
彩・真元・痛击・鹤顶(陆),1509,基础・元气,31,外功・会效,278,毒性・攻击,298
彩・真元・痛击・腐心(陆),1512,基础・元气,31,外功・会效,278,毒性・破防,555
彩・真元・见切・鹤顶(陆),1515,基础・元气,31,外功・会心,278,毒性・攻击,298
彩・真元・见切・腐心(陆),1518,基础・元气,31,外功・会心,278,毒性・破防,555
彩・真元・见切・痛击(陆),1521,基础・元气,31,外功・会心,278,外功・会效,555
彩・真元・烈阳・浴火(陆),1524,基础・元气,31,阳性・攻击,149,阳性・会效,555
彩・真元・烈阳・日炎(陆),1527,基础・元气,31,阳性・攻击,149,阳性・破防,555
彩・真元・浴火・烈阳(陆),1530,基础・元气,31,阳性・会效,278,阳性・攻击,298
彩・真元・浴火・日炎(陆),1533,基础・元气,31,阳性・会效,278,阳性・破防,555
彩・真元・日炎・烈阳(陆),1536,基础・元气,31,阳性・破防,278,阳性・攻击,298
彩・真元・日炎・浴火(陆),1539,基础・元气,31,阳性・破防,278,阳性・会效,555
彩・真元・霜冷・杯雪(陆),1542,基础・元气,31,阴性・攻击,149,阴性・会效,555
彩・真元・霜冷・冻髓(陆),1545,基础・元气,31,阴性・攻击,149,阴性・破防,555
彩・真元・杯雪・霜冷(陆),1548,基础・元气,31,阴性・会效,278,阴性・攻击,298
彩・真元・杯雪・冻髓(陆),1551,基础・元气,31,阴性・会效,278,阴性・破防,555
彩・真元・冻髓・霜冷(陆),1554,基础・元气,31,阴性・破防,278,阴性・攻击,298
彩・真元・冻髓・杯雪(陆),1557,基础・元气,31,阴性・破防,278,阴性・会效,555
彩・真元・琉璃・界影(陆),1560,基础・元气,31,阴阳・攻击,149,阴阳・会效,555
彩・真元・琉璃・焚虚(陆),1563,基础・元气,31,阴阳・攻击,149,阴阳・破防,555
彩・真元・界影・琉璃(陆),1566,基础・元气,31,阴阳・会效,278,阴阳・攻击,298
彩・真元・界影・焚虚(陆),1569,基础・元气,31,阴阳・会效,278,阴阳・破防,555
彩・真元・焚虚・琉璃(陆),1572,基础・元气,31,阴阳・破防,278,阴阳・攻击,298
彩・真元・焚虚・界影(陆),1575,基础・元气,31,阴阳・破防,278,阴阳・会效,555
彩・急速・大化・鹤顶(陆),1578,急速,139,化劲,139,毒性・攻击,298
彩・急速・大化・雷鸣(陆),1581,急速,139,化劲,139,混元・攻击,298
彩・急速・大化・锐刃(陆),1584,急速,139,化劲,139,外功・攻击,248
彩・急速・大化・烈阳(陆),1587,急速,139,化劲,139,阳性・攻击,298
彩・急速・大化・霜冷(陆),1590,急速,139,化劲,139,阴性・攻击,298
彩・急速・大化・琉璃(陆),1593,急速,139,化劲,139,阴阳・攻击,298
彩・征服・固本・吸星(伍),1595,精简・PVP,0,全属性,33,抽蓝,61
彩・征服・固本・嗜血(伍),1597,精简・PVP,0,全属性,33,吸血,61
彩・征服・固本・迅疾(伍),1598,精简・PVP,0,全属性,33,移动速度,81
彩・守护・霸体・清源(陆),1600,精简・防御,0,基础・体质,139,被疗成效,102
彩・守护・霸体・铁壁(陆),1602,精简・防御,0,基础・体质,139,免伤,51
彩・守护・固本・清源(陆),1604,精简・防御,0,全属性,39,被疗成效,102
彩・守护・固本・忘我(陆),1607,精简・防御,0,全属性,39,仇恨,424
彩・守护・固本・健体(陆),1610,精简・防御,0,全属性,39,基础・体质PercentAdd,81
彩・守护・固本・铁壁(陆),1612,精简・防御,0,全属性,39,免伤,51
彩・击破・强击・固筋(陆),1615,精简・输出,0,全会心,278,基础・根骨,81
彩・击破・强击・聚力(陆),1618,精简・输出,0,全会心,278,基础・力道,81
彩・击破・强击・强身(陆),1621,精简・输出,0,全会心,278,基础・身法,81
彩・击破・强击・聚魂(陆),1624,精简・输出,0,全会心,278,基础・元气,81
彩・击破・固本・刚烈(陆),1627,精简・输出,0,全属性,39,全会效,555
彩・济世・灵根・妙手(陆),1630,精简・治疗,0,基础・根骨,62,治疗成效,102
彩・济世・霸体・妙手(陆),1633,精简・治疗,0,基础・体质,139,治疗成效,102
彩・济世・固本・延绵(陆),1636,精简・治疗,0,全属性,39,减蓝耗,-102
彩・济世・固本・妙手(陆),1639,精简・治疗,0,全属性,39,治疗成效,102
彩・激流・大化・月华(陆),1642,内功・攻击,75,化劲,139,内功・会效,555
彩・激流・大化・灭气(陆),1645,内功・攻击,75,化劲,139,内功・破防,555
彩・激流・月华・灭气(陆),1648,内功・攻击,75,内功・会效,278,内功・破防,555
彩・激流・灭气・月华(陆),1651,内功・攻击,75,内功・破防,278,内功・会效,555
彩・月华・大化・激流(陆),1654,内功・会效,139,化劲,139,内功・攻击,298
彩・月华・大化・灭气(陆),1657,内功・会效,139,化劲,139,内功・破防,555
彩・月华・大化・海纳(陆),1660,内功・会效,139,化劲,139,治疗,269
彩・月华・激流・灭气(陆),1663,内功・会效,139,内功・攻击,149,内功・破防,555
彩・月华・灭气・激流(陆),1666,内功・会效,139,内功・破防,278,内功・攻击,298
彩・星见・大化・激流(陆),1669,内功・会心,139,化劲,139,内功・攻击,298
彩・星见・大化・月华(陆),1672,内功・会心,139,化劲,139,内功・会效,555
彩・星见・大化・灭气(陆),1675,内功・会心,139,化劲,139,内功・破防,555
彩・星见・大化・海纳(陆),1678,内功・会心,139,化劲,139,治疗,269
彩・星见・激流・月华(陆),1681,内功・会心,139,内功・攻击,149,内功・会效,555
彩・星见・激流・灭气(陆),1684,内功・会心,139,内功・攻击,149,内功・破防,555
彩・星见・月华・激流(陆),1687,内功・会心,139,内功・会效,278,内功・攻击,298
彩・星见・月华・灭气(陆),1690,内功・会心,139,内功・会效,278,内功・破防,555
彩・星见・月华・海纳(陆),1693,内功・会心,139,内功・会效,278,治疗,269
彩・星见・灭气・激流(陆),1696,内功・会心,139,内功・破防,278,内功・攻击,298
彩・星见・灭气・月华(陆),1699,内功・会心,139,内功・破防,278,内功・会效,555
彩・星见・海纳・月华(陆),1702,内功・会心,139,治疗,134,内功・会效,555
彩・灵识・大化・激流(陆),1705,内功・命中,139,化劲,139,内功・攻击,298
彩・灵识・大化・月华(陆),1708,内功・命中,139,化劲,139,内功・会效,555
彩・灵识・大化・灭气(陆),1711,内功・命中,139,化劲,139,内功・破防,555
彩・灵识・激流・月华(陆),1714,内功・命中,139,内功・攻击,149,内功・会效,555
彩・灵识・激流・灭气(陆),1717,内功・命中,139,内功・攻击,149,内功・破防,555
彩・灵识・月华・激流(陆),1720,内功・命中,139,内功・会效,278,内功・攻击,298
彩・灵识・月华・灭气(陆),1723,内功・命中,139,内功・会效,278,内功・破防,555
彩・灵识・灭气・激流(陆),1726,内功・命中,139,内功・破防,278,内功・攻击,298
彩・灵识・灭气・月华(陆),1729,内功・命中,139,内功・破防,278,内功・会效,555
彩・灭气・大化・激流(陆),1732,内功・破防,139,化劲,139,内功・攻击,298
彩・灭气・大化・月华(陆),1735,内功・破防,139,化劲,139,内功・会效,555
彩・灭气・激流・月华(陆),1738,内功・破防,139,内功・攻击,149,内功・会效,555
彩・灭气・月华・激流(陆),1741,内功・破防,139,内功・会效,278,内功・攻击,298
彩・锐刃・大化・痛击(陆),1744,外功・攻击,62,化劲,139,外功・会效,555
彩・锐刃・大化・斩铁(陆),1747,外功・攻击,62,化劲,139,外功・破防,555
彩・锐刃・大化・狂攻(陆),1750,外功・攻击,62,化劲,139,外功・武器伤害,373
彩・锐刃・痛击・斩铁(陆),1753,外功・攻击,62,外功・会效,278,外功・破防,555
彩・锐刃・痛击・狂攻(陆),1756,外功・攻击,62,外功・会效,278,外功・武器伤害,373
彩・锐刃・斩铁・痛击(陆),1759,外功・攻击,62,外功・破防,278,外功・会效,555
彩・锐刃・斩铁・狂攻(陆),1762,外功・攻击,62,外功・破防,278,外功・武器伤害,373
彩・痛击・鹤顶・腐心(陆),1765,外功・会效,139,毒性・攻击,149,毒性・破防,555
彩・痛击・腐心・鹤顶(陆),1768,外功・会效,139,毒性・破防,278,毒性・攻击,298
彩・痛击・大化・鹤顶(陆),1771,外功・会效,139,化劲,139,毒性・攻击,298
彩・痛击・大化・腐心(陆),1774,外功・会效,139,化劲,139,毒性・破防,555
彩・痛击・大化・锐刃(陆),1777,外功・会效,139,化劲,139,外功・攻击,248
彩・痛击・大化・斩铁(陆),1780,外功・会效,139,化劲,139,外功・破防,555
彩・痛击・大化・狂攻(陆),1783,外功・会效,139,化劲,139,外功・武器伤害,373
彩・痛击・锐刃・斩铁(陆),1786,外功・会效,139,外功・攻击,124,外功・破防,555
彩・痛击・锐刃・狂攻(陆),1789,外功・会效,139,外功・攻击,124,外功・武器伤害,373
彩・痛击・见切・鹤顶(陆),1792,外功・会效,139,外功・会心,278,毒性・攻击,298
彩・痛击・见切・腐心(陆),1795,外功・会效,139,外功・会心,278,毒性・破防,555
彩・痛击・斩铁・锐刃(陆),1798,外功・会效,139,外功・破防,278,外功・攻击,248
彩・痛击・斩铁・狂攻(陆),1801,外功・会效,139,外功・破防,278,外功・武器伤害,373
彩・见切・鹤顶・腐心(陆),1804,外功・会心,139,毒性・攻击,149,毒性・破防,555
彩・见切・鹤顶・痛击(陆),1807,外功・会心,139,毒性・攻击,149,外功・会效,555
彩・见切・腐心・鹤顶(陆),1810,外功・会心,139,毒性・破防,278,毒性・攻击,298
彩・见切・腐心・痛击(陆),1813,外功・会心,139,毒性・破防,278,外功・会效,555
彩・见切・大化・鹤顶(陆),1816,外功・会心,139,化劲,139,毒性・攻击,298
彩・见切・大化・腐心(陆),1819,外功・会心,139,化劲,139,毒性・破防,555
彩・见切・大化・锐刃(陆),1822,外功・会心,139,化劲,139,外功・攻击,248
彩・见切・大化・痛击(陆),1825,外功・会心,139,化劲,139,外功・会效,555
彩・见切・大化・斩铁(陆),1828,外功・会心,139,化劲,139,外功・破防,555
彩・见切・大化・狂攻(陆),1831,外功・会心,139,化劲,139,外功・武器伤害,373
彩・见切・锐刃・痛击(陆),1834,外功・会心,139,外功・攻击,124,外功・会效,555
彩・见切・锐刃・斩铁(陆),1837,外功・会心,139,外功・攻击,124,外功・破防,555
彩・见切・锐刃・狂攻(陆),1840,外功・会心,139,外功・攻击,124,外功・武器伤害,373
彩・见切・痛击・鹤顶(陆),1843,外功・会心,139,外功・会效,278,毒性・攻击,298
彩・见切・痛击・腐心(陆),1846,外功・会心,139,外功・会效,278,毒性・破防,555
彩・见切・痛击・锐刃(陆),1849,外功・会心,139,外功・会效,278,外功・攻击,248
彩・见切・痛击・斩铁(陆),1852,外功・会心,139,外功・会效,278,外功・破防,555
彩・见切・痛击・狂攻(陆),1855,外功・会心,139,外功・会效,278,外功・武器伤害,373
彩・见切・斩铁・锐刃(陆),1858,外功・会心,139,外功・破防,278,外功・攻击,248
彩・见切・斩铁・痛击(陆),1861,外功・会心,139,外功・破防,278,外功・会效,555
彩・见切・斩铁・狂攻(陆),1864,外功・会心,139,外功・破防,278,外功・武器伤害,373
彩・心眼・鹤顶・腐心(陆),1867,外功・命中,139,毒性・攻击,149,毒性・破防,555
彩・心眼・鹤顶・痛击(陆),1870,外功・命中,139,毒性・攻击,149,外功・会效,555
彩・心眼・腐心・鹤顶(陆),1873,外功・命中,139,毒性・破防,278,毒性・攻击,298
彩・心眼・腐心・痛击(陆),1876,外功・命中,139,毒性・破防,278,外功・会效,555
彩・心眼・大化・鹤顶(陆),1879,外功・命中,139,化劲,139,毒性・攻击,298
彩・心眼・大化・腐心(陆),1882,外功・命中,139,化劲,139,毒性・破防,555
彩・心眼・大化・锐刃(陆),1885,外功・命中,139,化劲,139,外功・攻击,248
彩・心眼・大化・痛击(陆),1888,外功・命中,139,化劲,139,外功・会效,555
彩・心眼・大化・斩铁(陆),1891,外功・命中,139,化劲,139,外功・破防,555
彩・心眼・大化・狂攻(陆),1894,外功・命中,139,化劲,139,外功・武器伤害,373
彩・心眼・急速・鹤顶(陆),1897,外功・命中,139,急速,278,毒性・攻击,298
彩・心眼・急速・锐刃(陆),1900,外功・命中,139,急速,278,外功・攻击,248
彩・心眼・锐刃・痛击(陆),1903,外功・命中,139,外功・攻击,124,外功・会效,555
彩・心眼・锐刃・斩铁(陆),1906,外功・命中,139,外功・攻击,124,外功・破防,555
彩・心眼・锐刃・狂攻(陆),1909,外功・命中,139,外功・攻击,124,外功・武器伤害,373
彩・心眼・痛击・鹤顶(陆),1912,外功・命中,139,外功・会效,278,毒性・攻击,298
彩・心眼・痛击・腐心(陆),1915,外功・命中,139,外功・会效,278,毒性・破防,555
彩・心眼・痛击・锐刃(陆),1918,外功・命中,139,外功・会效,278,外功・攻击,248
彩・心眼・痛击・斩铁(陆),1921,外功・命中,139,外功・会效,278,外功・破防,555
彩・心眼・痛击・狂攻(陆),1924,外功・命中,139,外功・会效,278,外功・武器伤害,373
彩・心眼・见切・鹤顶(陆),1927,外功・命中,139,外功・会心,278,毒性・攻击,298
彩・心眼・见切・腐心(陆),1930,外功・命中,139,外功・会心,278,毒性・破防,555
彩・心眼・斩铁・锐刃(陆),1933,外功・命中,139,外功・破防,278,外功・攻击,248
彩・心眼・斩铁・痛击(陆),1936,外功・命中,139,外功・破防,278,外功・会效,555
彩・心眼・斩铁・狂攻(陆),1939,外功・命中,139,外功・破防,278,外功・武器伤害,373
彩・斩铁・大化・锐刃(陆),1942,外功・破防,139,化劲,139,外功・攻击,248
彩・斩铁・大化・痛击(陆),1945,外功・破防,139,化劲,139,外功・会效,555
彩・斩铁・大化・狂攻(陆),1948,外功・破防,139,化劲,139,外功・武器伤害,373
彩・斩铁・锐刃・痛击(陆),1951,外功・破防,139,外功・攻击,124,外功・会效,555
彩・斩铁・锐刃・狂攻(陆),1954,外功・破防,139,外功・攻击,124,外功・武器伤害,373
彩・斩铁・痛击・锐刃(陆),1957,外功・破防,139,外功・会效,278,外功・攻击,248
彩・斩铁・痛击・狂攻(陆),1960,外功・破防,139,外功・会效,278,外功・武器伤害,373
彩・无双・鹤顶・穿石(陆),1963,无双,139,毒性・攻击,149,毒性・会效,555
彩・无双・鹤顶・腐心(陆),1966,无双,139,毒性・攻击,149,毒性・破防,555
彩・无双・鹤顶・痛击(陆),1969,无双,139,毒性・攻击,149,外功・会效,555
彩・无双・穿石・鹤顶(陆),1972,无双,139,毒性・会效,278,毒性・攻击,298
彩・无双・穿石・腐心(陆),1975,无双,139,毒性・会效,278,毒性・破防,555
彩・无双・腐心・鹤顶(陆),1978,无双,139,毒性・破防,278,毒性・攻击,298
彩・无双・腐心・穿石(陆),1981,无双,139,毒性・破防,278,毒性・会效,555
彩・无双・腐心・痛击(陆),1984,无双,139,毒性・破防,278,外功・会效,555
彩・无双・雷鸣・霹雳(陆),1987,无双,139,混元・攻击,149,混元・会效,555
彩・无双・雷鸣・混沌(陆),1990,无双,139,混元・攻击,149,混元・破防,555
彩・无双・霹雳・雷鸣(陆),1993,无双,139,混元・会效,278,混元・攻击,298
彩・无双・霹雳・混沌(陆),1996,无双,139,混元・会效,278,混元・破防,555
彩・无双・混沌・雷鸣(陆),1999,无双,139,混元・破防,278,混元・攻击,298
彩・无双・混沌・霹雳(陆),2002,无双,139,混元・破防,278,混元・会效,555
彩・无双・急速・鹤顶(陆),2005,无双,139,急速,278,毒性・攻击,298
彩・无双・急速・雷鸣(陆),2008,无双,139,急速,278,混元・攻击,298
彩・无双・急速・锐刃(陆),2011,无双,139,急速,278,外功・攻击,248
彩・无双・急速・烈阳(陆),2014,无双,139,急速,278,阳性・攻击,298
彩・无双・急速・霜冷(陆),2017,无双,139,急速,278,阴性・攻击,298
彩・无双・急速・琉璃(陆),2020,无双,139,急速,278,阴阳・攻击,298
彩・无双・激流・月华(陆),2023,无双,139,内功・攻击,149,内功・会效,555
彩・无双・激流・灭气(陆),2026,无双,139,内功・攻击,149,内功・破防,555
彩・无双・月华・激流(陆),2029,无双,139,内功・会效,278,内功・攻击,298
彩・无双・月华・灭气(陆),2032,无双,139,内功・会效,278,内功・破防,555
彩・无双・灭气・激流(陆),2035,无双,139,内功・破防,278,内功・攻击,298
彩・无双・灭气・月华(陆),2038,无双,139,内功・破防,278,内功・会效,555
彩・无双・锐刃・痛击(陆),2041,无双,139,外功・攻击,124,外功・会效,555
彩・无双・锐刃・斩铁(陆),2044,无双,139,外功・攻击,124,外功・破防,555
彩・无双・锐刃・狂攻(陆),2047,无双,139,外功・攻击,124,外功・武器伤害,373
彩・无双・痛击・鹤顶(陆),2050,无双,139,外功・会效,278,毒性・攻击,298
彩・无双・痛击・腐心(陆),2053,无双,139,外功・会效,278,毒性・破防,555
彩・无双・痛击・锐刃(陆),2056,无双,139,外功・会效,278,外功・攻击,248
彩・无双・痛击・斩铁(陆),2059,无双,139,外功・会效,278,外功・破防,555
彩・无双・痛击・狂攻(陆),2062,无双,139,外功・会效,278,外功・武器伤害,373
彩・无双・见切・鹤顶(陆),2065,无双,139,外功・会心,278,毒性・攻击,298
彩・无双・见切・腐心(陆),2068,无双,139,外功・会心,278,毒性・破防,555
彩・无双・斩铁・锐刃(陆),2071,无双,139,外功・破防,278,外功・攻击,248
彩・无双・斩铁・痛击(陆),2074,无双,139,外功・破防,278,外功・会效,555
彩・无双・斩铁・狂攻(陆),2077,无双,139,外功・破防,278,外功・武器伤害,373
彩・无双・烈阳・浴火(陆),2080,无双,139,阳性・攻击,149,阳性・会效,555
彩・无双・烈阳・日炎(陆),2083,无双,139,阳性・攻击,149,阳性・破防,555
彩・无双・浴火・烈阳(陆),2086,无双,139,阳性・会效,278,阳性・攻击,298
彩・无双・浴火・日炎(陆),2089,无双,139,阳性・会效,278,阳性・破防,555
彩・无双・日炎・烈阳(陆),2092,无双,139,阳性・破防,278,阳性・攻击,298
彩・无双・日炎・浴火(陆),2095,无双,139,阳性・破防,278,阳性・会效,555
彩・无双・霜冷・杯雪(陆),2098,无双,139,阴性・攻击,149,阴性・会效,555
彩・无双・霜冷・冻髓(陆),2101,无双,139,阴性・攻击,149,阴性・破防,555
彩・无双・杯雪・霜冷(陆),2104,无双,139,阴性・会效,278,阴性・攻击,298
彩・无双・杯雪・冻髓(陆),2107,无双,139,阴性・会效,278,阴性・破防,555
彩・无双・冻髓・霜冷(陆),2110,无双,139,阴性・破防,278,阴性・攻击,298
彩・无双・冻髓・杯雪(陆),2113,无双,139,阴性・破防,278,阴性・会效,555
彩・无双・琉璃・界影(陆),2116,无双,139,阴阳・攻击,149,阴阳・会效,555
彩・无双・琉璃・焚虚(陆),2119,无双,139,阴阳・攻击,149,阴阳・破防,555
彩・无双・界影・琉璃(陆),2122,无双,139,阴阳・会效,278,阴阳・攻击,298
彩・无双・界影・焚虚(陆),2125,无双,139,阴阳・会效,278,阴阳・破防,555
彩・无双・焚虚・琉璃(陆),2128,无双,139,阴阳・破防,278,阴阳・攻击,298
彩・无双・焚虚・界影(陆),2131,无双,139,阴阳・破防,278,阴阳・会效,555
彩・烈阳・大化・浴火(陆),2134,阳性・攻击,75,化劲,139,阳性・会效,555
彩・烈阳・大化・日炎(陆),2137,阳性・攻击,75,化劲,139,阳性・破防,555
彩・烈阳・浴火・日炎(陆),2140,阳性・攻击,75,阳性・会效,278,阳性・破防,555
彩・烈阳・日炎・浴火(陆),2143,阳性・攻击,75,阳性・破防,278,阳性・会效,555
彩・浴火・大化・烈阳(陆),2146,阳性・会效,139,化劲,139,阳性・攻击,298
彩・浴火・大化・日炎(陆),2149,阳性・会效,139,化劲,139,阳性・破防,555
彩・浴火・大化・海纳(陆),2152,阳性・会效,139,化劲,139,治疗,269
彩・浴火・烈阳・日炎(陆),2155,阳性・会效,139,阳性・攻击,149,阳性・破防,555
彩・浴火・日炎・烈阳(陆),2158,阳性・会效,139,阳性・破防,278,阳性・攻击,298
彩・燎原・大化・烈阳(陆),2161,阳性・会心,139,化劲,139,阳性・攻击,298
彩・燎原・大化・浴火(陆),2164,阳性・会心,139,化劲,139,阳性・会效,555
彩・燎原・大化・日炎(陆),2167,阳性・会心,139,化劲,139,阳性・破防,555
彩・燎原・大化・海纳(陆),2170,阳性・会心,139,化劲,139,治疗,269
彩・燎原・烈阳・浴火(陆),2173,阳性・会心,139,阳性・攻击,149,阳性・会效,555
彩・燎原・烈阳・日炎(陆),2176,阳性・会心,139,阳性・攻击,149,阳性・破防,555
彩・燎原・浴火・烈阳(陆),2179,阳性・会心,139,阳性・会效,278,阳性・攻击,298
彩・燎原・浴火・日炎(陆),2182,阳性・会心,139,阳性・会效,278,阳性・破防,555
彩・燎原・浴火・海纳(陆),2185,阳性・会心,139,阳性・会效,278,治疗,269
彩・燎原・日炎・烈阳(陆),2188,阳性・会心,139,阳性・破防,278,阳性・攻击,298
彩・燎原・日炎・浴火(陆),2191,阳性・会心,139,阳性・破防,278,阳性・会效,555
彩・燎原・海纳・浴火(陆),2194,阳性・会心,139,治疗,134,阳性・会效,555
彩・灼筋・大化・烈阳(陆),2197,阳性・命中,139,化劲,139,阳性・攻击,298
彩・灼筋・大化・浴火(陆),2200,阳性・命中,139,化劲,139,阳性・会效,555
彩・灼筋・大化・日炎(陆),2203,阳性・命中,139,化劲,139,阳性・破防,555
彩・灼筋・急速・烈阳(陆),2206,阳性・命中,139,急速,278,阳性・攻击,298
彩・灼筋・烈阳・浴火(陆),2209,阳性・命中,139,阳性・攻击,149,阳性・会效,555
彩・灼筋・烈阳・日炎(陆),2212,阳性・命中,139,阳性・攻击,149,阳性・破防,555
彩・灼筋・浴火・烈阳(陆),2215,阳性・命中,139,阳性・会效,278,阳性・攻击,298
彩・灼筋・浴火・日炎(陆),2218,阳性・命中,139,阳性・会效,278,阳性・破防,555
彩・灼筋・日炎・烈阳(陆),2221,阳性・命中,139,阳性・破防,278,阳性・攻击,298
彩・灼筋・日炎・浴火(陆),2224,阳性・命中,139,阳性・破防,278,阳性・会效,555
彩・日炎・大化・烈阳(陆),2227,阳性・破防,139,化劲,139,阳性・攻击,298
彩・日炎・大化・浴火(陆),2230,阳性・破防,139,化劲,139,阳性・会效,555
彩・日炎・烈阳・浴火(陆),2233,阳性・破防,139,阳性・攻击,149,阳性・会效,555
彩・日炎・浴火・烈阳(陆),2236,阳性・破防,139,阳性・会效,278,阳性・攻击,298
彩・霜冷・大化・杯雪(陆),2239,阴性・攻击,75,化劲,139,阴性・会效,555
彩・霜冷・大化・冻髓(陆),2242,阴性・攻击,75,化劲,139,阴性・破防,555
彩・霜冷・杯雪・冻髓(陆),2245,阴性・攻击,75,阴性・会效,278,阴性・破防,555
彩・霜冷・冻髓・杯雪(陆),2248,阴性・攻击,75,阴性・破防,278,阴性・会效,555
彩・杯雪・大化・霜冷(陆),2251,阴性・会效,139,化劲,139,阴性・攻击,298
彩・杯雪・大化・冻髓(陆),2254,阴性・会效,139,化劲,139,阴性・破防,555
彩・杯雪・大化・海纳(陆),2257,阴性・会效,139,化劲,139,治疗,269
彩・杯雪・霜冷・冻髓(陆),2260,阴性・会效,139,阴性・攻击,149,阴性・破防,555
彩・杯雪・冻髓・霜冷(陆),2263,阴性・会效,139,阴性・破防,278,阴性・攻击,298
彩・化雪・大化・霜冷(陆),2266,阴性・会心,139,化劲,139,阴性・攻击,298
彩・化雪・大化・杯雪(陆),2269,阴性・会心,139,化劲,139,阴性・会效,555
彩・化雪・大化・冻髓(陆),2272,阴性・会心,139,化劲,139,阴性・破防,555
彩・化雪・大化・海纳(陆),2275,阴性・会心,139,化劲,139,治疗,269
彩・化雪・霜冷・杯雪(陆),2278,阴性・会心,139,阴性・攻击,149,阴性・会效,555
彩・化雪・霜冷・冻髓(陆),2281,阴性・会心,139,阴性・攻击,149,阴性・破防,555
彩・化雪・杯雪・霜冷(陆),2284,阴性・会心,139,阴性・会效,278,阴性・攻击,298
彩・化雪・杯雪・冻髓(陆),2287,阴性・会心,139,阴性・会效,278,阴性・破防,555
彩・化雪・杯雪・海纳(陆),2290,阴性・会心,139,阴性・会效,278,治疗,269
彩・化雪・冻髓・霜冷(陆),2293,阴性・会心,139,阴性・破防,278,阴性・攻击,298
彩・化雪・冻髓・杯雪(陆),2296,阴性・会心,139,阴性・破防,278,阴性・会效,555
彩・化雪・海纳・杯雪(陆),2299,阴性・会心,139,治疗,134,阴性・会效,555
彩・碎冰・大化・霜冷(陆),2302,阴性・命中,139,化劲,139,阴性・攻击,298
彩・碎冰・大化・杯雪(陆),2305,阴性・命中,139,化劲,139,阴性・会效,555
彩・碎冰・大化・冻髓(陆),2308,阴性・命中,139,化劲,139,阴性・破防,555
彩・碎冰・急速・霜冷(陆),2311,阴性・命中,139,急速,278,阴性・攻击,298
彩・碎冰・霜冷・杯雪(陆),2314,阴性・命中,139,阴性・攻击,149,阴性・会效,555
彩・碎冰・霜冷・冻髓(陆),2317,阴性・命中,139,阴性・攻击,149,阴性・破防,555
彩・碎冰・杯雪・霜冷(陆),2320,阴性・命中,139,阴性・会效,278,阴性・攻击,298
彩・碎冰・杯雪・冻髓(陆),2323,阴性・命中,139,阴性・会效,278,阴性・破防,555
彩・碎冰・冻髓・霜冷(陆),2326,阴性・命中,139,阴性・破防,278,阴性・攻击,298
彩・碎冰・冻髓・杯雪(陆),2329,阴性・命中,139,阴性・破防,278,阴性・会效,555
彩・冻髓・大化・霜冷(陆),2332,阴性・破防,139,化劲,139,阴性・攻击,298
彩・冻髓・大化・杯雪(陆),2335,阴性・破防,139,化劲,139,阴性・会效,555
彩・冻髓・霜冷・杯雪(陆),2338,阴性・破防,139,阴性・攻击,149,阴性・会效,555
彩・冻髓・杯雪・霜冷(陆),2341,阴性・破防,139,阴性・会效,278,阴性・攻击,298
彩・琉璃・大化・界影(陆),2344,阴阳・攻击,75,化劲,139,阴阳・会效,555
彩・琉璃・大化・焚虚(陆),2347,阴阳・攻击,75,化劲,139,阴阳・破防,555
彩・琉璃・界影・焚虚(陆),2350,阴阳・攻击,75,阴阳・会效,278,阴阳・破防,555
彩・琉璃・焚虚・界影(陆),2353,阴阳・攻击,75,阴阳・破防,278,阴阳・会效,555
彩・界影・大化・琉璃(陆),2356,阴阳・会效,139,化劲,139,阴阳・攻击,298
彩・界影・大化・焚虚(陆),2359,阴阳・会效,139,化劲,139,阴阳・破防,555
彩・界影・琉璃・焚虚(陆),2362,阴阳・会效,139,阴阳・攻击,149,阴阳・破防,555
彩・界影・焚虚・琉璃(陆),2365,阴阳・会效,139,阴阳・破防,278,阴阳・攻击,298
彩・虹卷・大化・琉璃(陆),2368,阴阳・会心,139,化劲,139,阴阳・攻击,298
彩・虹卷・大化・界影(陆),2371,阴阳・会心,139,化劲,139,阴阳・会效,555
彩・虹卷・大化・焚虚(陆),2374,阴阳・会心,139,化劲,139,阴阳・破防,555
彩・虹卷・琉璃・界影(陆),2377,阴阳・会心,139,阴阳・攻击,149,阴阳・会效,555
彩・虹卷・琉璃・焚虚(陆),2380,阴阳・会心,139,阴阳・攻击,149,阴阳・破防,555
彩・虹卷・界影・琉璃(陆),2383,阴阳・会心,139,阴阳・会效,278,阴阳・攻击,298
彩・虹卷・界影・焚虚(陆),2386,阴阳・会心,139,阴阳・会效,278,阴阳・破防,555
彩・虹卷・焚虚・琉璃(陆),2389,阴阳・会心,139,阴阳・破防,278,阴阳・攻击,298
彩・虹卷・焚虚・界影(陆),2392,阴阳・会心,139,阴阳・破防,278,阴阳・会效,555
彩・点睛・大化・琉璃(陆),2395,阴阳・命中,139,化劲,139,阴阳・攻击,298
彩・点睛・大化・界影(陆),2398,阴阳・命中,139,化劲,139,阴阳・会效,555
彩・点睛・大化・焚虚(陆),2401,阴阳・命中,139,化劲,139,阴阳・破防,555
彩・点睛・急速・琉璃(陆),2404,阴阳・命中,139,急速,278,阴阳・攻击,298
彩・点睛・琉璃・界影(陆),2407,阴阳・命中,139,阴阳・攻击,149,阴阳・会效,555
彩・点睛・琉璃・焚虚(陆),2410,阴阳・命中,139,阴阳・攻击,149,阴阳・破防,555
彩・点睛・界影・琉璃(陆),2413,阴阳・命中,139,阴阳・会效,278,阴阳・攻击,298
彩・点睛・界影・焚虚(陆),2416,阴阳・命中,139,阴阳・会效,278,阴阳・破防,555
彩・点睛・焚虚・琉璃(陆),2419,阴阳・命中,139,阴阳・破防,278,阴阳・攻击,298
彩・点睛・焚虚・界影(陆),2422,阴阳・命中,139,阴阳・破防,278,阴阳・会效,555
彩・焚虚・大化・琉璃(陆),2425,阴阳・破防,139,化劲,139,阴阳・攻击,298
彩・焚虚・大化・界影(陆),2428,阴阳・破防,139,化劲,139,阴阳・会效,555
彩・焚虚・琉璃・界影(陆),2431,阴阳・破防,139,阴阳・攻击,149,阴阳・会效,555
彩・焚虚・界影・琉璃(陆),2434,阴阳・破防,139,阴阳・会效,278,阴阳・攻击,298
彩・大御・鹤顶・穿石(陆),2437,御劲,69,毒性・攻击,149,毒性・会效,555
彩・大御・鹤顶・腐心(陆),2440,御劲,69,毒性・攻击,149,毒性・破防,555
彩・大御・鹤顶・痛击(陆),2443,御劲,69,毒性・攻击,149,外功・会效,555
彩・大御・穿石・鹤顶(陆),2446,御劲,69,毒性・会效,278,毒性・攻击,298
彩・大御・穿石・腐心(陆),2449,御劲,69,毒性・会效,278,毒性・破防,555
彩・大御・穿石・海纳(陆),2452,御劲,69,毒性・会效,278,治疗,269
彩・大御・腐心・鹤顶(陆),2455,御劲,69,毒性・破防,278,毒性・攻击,298
彩・大御・腐心・穿石(陆),2458,御劲,69,毒性・破防,278,毒性・会效,555
彩・大御・腐心・痛击(陆),2461,御劲,69,毒性・破防,278,外功・会效,555
彩・大御・大化・鹤顶(陆),2464,御劲,69,化劲,139,毒性・攻击,298
彩・大御・大化・穿石(陆),2467,御劲,69,化劲,139,毒性・会效,555
彩・大御・大化・腐心(陆),2470,御劲,69,化劲,139,毒性・破防,555
彩・大御・大化・雷鸣(陆),2473,御劲,69,化劲,139,混元・攻击,298
彩・大御・大化・霹雳(陆),2476,御劲,69,化劲,139,混元・会效,555
彩・大御・大化・混沌(陆),2479,御劲,69,化劲,139,混元・破防,555
彩・大御・大化・激流(陆),2482,御劲,69,化劲,139,内功・攻击,298
彩・大御・大化・月华(陆),2485,御劲,69,化劲,139,内功・会效,555
彩・大御・大化・灭气(陆),2488,御劲,69,化劲,139,内功・破防,555
彩・大御・大化・锐刃(陆),2491,御劲,69,化劲,139,外功・攻击,248
彩・大御・大化・痛击(陆),2494,御劲,69,化劲,139,外功・会效,555
彩・大御・大化・斩铁(陆),2497,御劲,69,化劲,139,外功・破防,555
彩・大御・大化・狂攻(陆),2500,御劲,69,化劲,139,外功・武器伤害,373
彩・大御・大化・烈阳(陆),2503,御劲,69,化劲,139,阳性・攻击,298
彩・大御・大化・浴火(陆),2506,御劲,69,化劲,139,阳性・会效,555
彩・大御・大化・日炎(陆),2509,御劲,69,化劲,139,阳性・破防,555
彩・大御・大化・霜冷(陆),2512,御劲,69,化劲,139,阴性・攻击,298
彩・大御・大化・杯雪(陆),2515,御劲,69,化劲,139,阴性・会效,555
彩・大御・大化・冻髓(陆),2518,御劲,69,化劲,139,阴性・破防,555
彩・大御・大化・琉璃(陆),2521,御劲,69,化劲,139,阴阳・攻击,298
彩・大御・大化・界影(陆),2524,御劲,69,化劲,139,阴阳・会效,555
彩・大御・大化・焚虚(陆),2527,御劲,69,化劲,139,阴阳・破防,555
彩・大御・大化・海纳(陆),2530,御劲,69,化劲,139,治疗,269
彩・大御・雷鸣・霹雳(陆),2533,御劲,69,混元・攻击,149,混元・会效,555
彩・大御・雷鸣・混沌(陆),2536,御劲,69,混元・攻击,149,混元・破防,555
彩・大御・霹雳・雷鸣(陆),2539,御劲,69,混元・会效,278,混元・攻击,298
彩・大御・霹雳・混沌(陆),2542,御劲,69,混元・会效,278,混元・破防,555
彩・大御・霹雳・海纳(陆),2545,御劲,69,混元・会效,278,治疗,269
彩・大御・混沌・雷鸣(陆),2548,御劲,69,混元・破防,278,混元・攻击,298
彩・大御・混沌・霹雳(陆),2551,御劲,69,混元・破防,278,混元・会效,555
彩・大御・激流・月华(陆),2554,御劲,69,内功・攻击,149,内功・会效,555
彩・大御・激流・灭气(陆),2557,御劲,69,内功・攻击,149,内功・破防,555
彩・大御・月华・激流(陆),2560,御劲,69,内功・会效,278,内功・攻击,298
彩・大御・月华・灭气(陆),2563,御劲,69,内功・会效,278,内功・破防,555
彩・大御・月华・海纳(陆),2566,御劲,69,内功・会效,278,治疗,269
彩・大御・灭气・激流(陆),2569,御劲,69,内功・破防,278,内功・攻击,298
彩・大御・灭气・月华(陆),2572,御劲,69,内功・破防,278,内功・会效,555
彩・大御・锐刃・痛击(陆),2575,御劲,69,外功・攻击,124,外功・会效,555
彩・大御・锐刃・斩铁(陆),2578,御劲,69,外功・攻击,124,外功・破防,555
彩・大御・锐刃・狂攻(陆),2581,御劲,69,外功・攻击,124,外功・武器伤害,373
彩・大御・痛击・鹤顶(陆),2584,御劲,69,外功・会效,278,毒性・攻击,298
彩・大御・痛击・腐心(陆),2587,御劲,69,外功・会效,278,毒性・破防,555
彩・大御・痛击・锐刃(陆),2590,御劲,69,外功・会效,278,外功・攻击,248
彩・大御・痛击・斩铁(陆),2593,御劲,69,外功・会效,278,外功・破防,555
彩・大御・痛击・狂攻(陆),2596,御劲,69,外功・会效,278,外功・武器伤害,373
彩・大御・见切・鹤顶(陆),2599,御劲,69,外功・会心,278,毒性・攻击,298
彩・大御・见切・腐心(陆),2602,御劲,69,外功・会心,278,毒性・破防,555
彩・大御・斩铁・锐刃(陆),2605,御劲,69,外功・破防,278,外功・攻击,248
彩・大御・斩铁・痛击(陆),2608,御劲,69,外功・破防,278,外功・会效,555
彩・大御・斩铁・狂攻(陆),2611,御劲,69,外功・破防,278,外功・武器伤害,373
彩・大御・烈阳・浴火(陆),2614,御劲,69,阳性・攻击,149,阳性・会效,555
彩・大御・烈阳・日炎(陆),2617,御劲,69,阳性・攻击,149,阳性・破防,555
彩・大御・浴火・烈阳(陆),2620,御劲,69,阳性・会效,278,阳性・攻击,298
彩・大御・浴火・日炎(陆),2623,御劲,69,阳性・会效,278,阳性・破防,555
彩・大御・浴火・海纳(陆),2626,御劲,69,阳性・会效,278,治疗,269
彩・大御・日炎・烈阳(陆),2629,御劲,69,阳性・破防,278,阳性・攻击,298
彩・大御・日炎・浴火(陆),2632,御劲,69,阳性・破防,278,阳性・会效,555
彩・大御・霜冷・杯雪(陆),2635,御劲,69,阴性・攻击,149,阴性・会效,555
彩・大御・霜冷・冻髓(陆),2638,御劲,69,阴性・攻击,149,阴性・破防,555
彩・大御・杯雪・霜冷(陆),2641,御劲,69,阴性・会效,278,阴性・攻击,298
彩・大御・杯雪・冻髓(陆),2644,御劲,69,阴性・会效,278,阴性・破防,555
彩・大御・杯雪・海纳(陆),2647,御劲,69,阴性・会效,278,治疗,269
彩・大御・冻髓・霜冷(陆),2650,御劲,69,阴性・破防,278,阴性・攻击,298
彩・大御・冻髓・杯雪(陆),2653,御劲,69,阴性・破防,278,阴性・会效,555
彩・大御・琉璃・界影(陆),2656,御劲,69,阴阳・攻击,149,阴阳・会效,555
彩・大御・琉璃・焚虚(陆),2659,御劲,69,阴阳・攻击,149,阴阳・破防,555
彩・大御・界影・琉璃(陆),2662,御劲,69,阴阳・会效,278,阴阳・攻击,298
彩・大御・界影・焚虚(陆),2665,御劲,69,阴阳・会效,278,阴阳・破防,555
彩・大御・焚虚・琉璃(陆),2668,御劲,69,阴阳・破防,278,阴阳・攻击,298
彩・大御・焚虚・界影(陆),2671,御劲,69,阴阳・破防,278,阴阳・会效,555
彩・大御・海纳・穿石(陆),2674,御劲,69,治疗,134,毒性・会效,555
彩・大御・海纳・霹雳(陆),2677,御劲,69,治疗,134,混元・会效,555
彩・大御・海纳・月华(陆),2680,御劲,69,治疗,134,内功・会效,555
彩・大御・海纳・浴火(陆),2683,御劲,69,治疗,134,阳性・会效,555
彩・大御・海纳・杯雪(陆),2686,御劲,69,治疗,134,阴性・会效,555
彩・海纳・大化・穿石(陆),2689,治疗,67,化劲,139,毒性・会效,555
彩・海纳・大化・霹雳(陆),2692,治疗,67,化劲,139,混元・会效,555
彩・海纳・大化・月华(陆),2695,治疗,67,化劲,139,内功・会效,555
彩・海纳・大化・浴火(陆),2698,治疗,67,化劲,139,阳性・会效,555
彩・海纳・大化・杯雪(陆),2701,治疗,67,化劲,139,阴性・会效,555
